,code,description,coding_system,concept_id,concept_version_id,concept_name,phenotype_id,phenotype_version_id,phenotype_name,code_attributes
0,INUK.ZV02612,[V]Hepatitis Australia antigen carrier,Read codes v2,C3353,10243,Liver disease Read codes - Elixhauser,PH1085,2373,Liver disease - Elixhauser primary care,"[{""Medcode"": ""34893""}]"
1,INUK.4JQ3.00,Hepatitis C virus genotype,Read codes v2,C3353,10243,Liver disease Read codes - Elixhauser,PH1085,2373,Liver disease - Elixhauser primary care,"[{""Medcode"": ""35589""}]"
2,INUK.4JQD.11,Hepatitis C PCR positive,Read codes v2,C3353,10243,Liver disease Read codes - Elixhauser,PH1085,2373,Liver disease - Elixhauser primary care,"[{""Medcode"": ""102565""}]"
3,INUK.ZV02C00,[V]Hepatitis C carrier,Read codes v2,C3353,10243,Liver disease Read codes - Elixhauser,PH1085,2373,Liver disease - Elixhauser primary care,"[{""Medcode"": ""28703""}]"
4,INUK.A702.00,Viral hepatitis B with coma,Read codes v2,C3353,10243,Liver disease Read codes - Elixhauser,PH1085,2373,Liver disease - Elixhauser primary care,"[{""Medcode"": ""69053""}]"
5,INUK.J631.00,Hepatitis in viral diseases EC,Read codes v2,C3353,10243,Liver disease Read codes - Elixhauser,PH1085,2373,Liver disease - Elixhauser primary care,"[{""Medcode"": ""41237""}]"
6,INUK.A705100,Acute delta-(super)infection of hepatitis B carrier,Read codes v2,C3353,10243,Liver disease Read codes - Elixhauser,PH1085,2373,Liver disease - Elixhauser primary care,"[{""Medcode"": ""32657""}]"
7,INUK.7609.00,Open operations on oesophageal varices,Read codes v2,C3353,10243,Liver disease Read codes - Elixhauser,PH1085,2373,Liver disease - Elixhauser primary care,"[{""Medcode"": ""24220""}]"
8,INUK.C310400,Glycogenosis with hepatic cirrhosis,Read codes v2,C3353,10243,Liver disease Read codes - Elixhauser,PH1085,2373,Liver disease - Elixhauser primary care,"[{""Medcode"": ""19512""}]"
9,INUK.J620300,Liver abscess via umbilicus,Read codes v2,C3353,10243,Liver disease Read codes - Elixhauser,PH1085,2373,Liver disease - Elixhauser primary care,"[{""Medcode"": ""70524""}]"
10,INUK.J612.11,Florid cirrhosis,Read codes v2,C3353,10243,Liver disease Read codes - Elixhauser,PH1085,2373,Liver disease - Elixhauser primary care,"[{""Medcode"": ""68376""}]"
11,INUK.J633000,Toxic hepatitis,Read codes v2,C3353,10243,Liver disease Read codes - Elixhauser,PH1085,2373,Liver disease - Elixhauser primary care,"[{""Medcode"": ""15562""}]"
12,INUK.760F300,Rigid oesophagoscopic injection sclerotherapy oesoph varices,Read codes v2,C3353,10243,Liver disease Read codes - Elixhauser,PH1085,2373,Liver disease - Elixhauser primary care,"[{""Medcode"": ""47214""}]"
13,INUK.A707.00,Chronic viral hepatitis,Read codes v2,C3353,10243,Liver disease Read codes - Elixhauser,PH1085,2373,Liver disease - Elixhauser primary care,"[{""Medcode"": ""26367""}]"
14,INUK.ZV7C000,[V]Assessment for liver transplant,Read codes v2,C3353,10243,Liver disease Read codes - Elixhauser,PH1085,2373,Liver disease - Elixhauser primary care,"[{""Medcode"": ""25700""}]"
15,INUK.J615812,Indian childhood cirrhosis,Read codes v2,C3353,10243,Liver disease Read codes - Elixhauser,PH1085,2373,Liver disease - Elixhauser primary care,"[{""Medcode"": ""58184""}]"
16,INUK.A705200,Acute hepatitis E,Read codes v2,C3353,10243,Liver disease Read codes - Elixhauser,PH1085,2373,Liver disease - Elixhauser primary care,"[{""Medcode"": ""52365""}]"
17,INUK.J61y300,Portal fibrosis without cirrhosis,Read codes v2,C3353,10243,Liver disease Read codes - Elixhauser,PH1085,2373,Liver disease - Elixhauser primary care,"[{""Medcode"": ""40963""}]"
18,INUK.G852100,Oesophageal varices without bleeding in diseases EC,Read codes v2,C3353,10243,Liver disease Read codes - Elixhauser,PH1085,2373,Liver disease - Elixhauser primary care,"[{""Medcode"": ""73139""}]"
19,INUK.J600011,Acute liver failure,Read codes v2,C3353,10243,Liver disease Read codes - Elixhauser,PH1085,2373,Liver disease - Elixhauser primary care,"[{""Medcode"": ""39945""}]"
20,INUK.9Op1.00,Hepatitis C screening offered,Read codes v2,C3353,10243,Liver disease Read codes - Elixhauser,PH1085,2373,Liver disease - Elixhauser primary care,"[{""Medcode"": ""69068""}]"
21,INUK.J62y.00,Other sequelae of chronic liver disease,Read codes v2,C3353,10243,Liver disease Read codes - Elixhauser,PH1085,2373,Liver disease - Elixhauser primary care,"[{""Medcode"": ""48102""}]"
22,INUK.J631z00,Hepatitis in viral diseases EC NOS,Read codes v2,C3353,10243,Liver disease Read codes - Elixhauser,PH1085,2373,Liver disease - Elixhauser primary care,"[{""Medcode"": ""42222""}]"
23,INUK.J632.00,Hepatitis in other infectious diseases EC,Read codes v2,C3353,10243,Liver disease Read codes - Elixhauser,PH1085,2373,Liver disease - Elixhauser primary care,"[{""Medcode"": ""34358""}]"
24,INUK.Gyu9400,[X]Oesophageal varices in diseases classified elsewhere,Read codes v2,C3353,10243,Liver disease Read codes - Elixhauser,PH1085,2373,Liver disease - Elixhauser primary care,"[{""Medcode"": ""105611""}]"
25,INUK.A704000,Viral hepatitis C with coma,Read codes v2,C3353,10243,Liver disease Read codes - Elixhauser,PH1085,2373,Liver disease - Elixhauser primary care,"[{""Medcode"": ""65050""}]"
26,INUK.J63X.00,"Granulomatous hepatitis, not elsewhere classified",Read codes v2,C3353,10243,Liver disease Read codes - Elixhauser,PH1085,2373,Liver disease - Elixhauser primary care,"[{""Medcode"": ""27663""}]"
27,INUK.J631500,Hepatitis in other viral disease,Read codes v2,C3353,10243,Liver disease Read codes - Elixhauser,PH1085,2373,Liver disease - Elixhauser primary care,"[{""Medcode"": ""58876""}]"
28,INUK.9kZ..00,Hepatitis B screening positive - enhanced services admin,Read codes v2,C3353,10243,Liver disease Read codes - Elixhauser,PH1085,2373,Liver disease - Elixhauser primary care,"[{""Medcode"": ""95926""}]"
29,INUK.ZV42700,[V]Liver transplanted,Read codes v2,C3353,10243,Liver disease Read codes - Elixhauser,PH1085,2373,Liver disease - Elixhauser primary care,"[{""Medcode"": ""9026""}]"
30,INUK.SP08600,Liver transplant failure and rejection,Read codes v2,C3353,10243,Liver disease Read codes - Elixhauser,PH1085,2373,Liver disease - Elixhauser primary care,"[{""Medcode"": ""6692""}]"
31,INUK.AE23.00,Sequelae of viral hepatitis,Read codes v2,C3353,10243,Liver disease Read codes - Elixhauser,PH1085,2373,Liver disease - Elixhauser primary care,"[{""Medcode"": ""45939""}]"
32,INUK.Q409000,Congenital hepatitis A infection,Read codes v2,C3353,10243,Liver disease Read codes - Elixhauser,PH1085,2373,Liver disease - Elixhauser primary care,"[{""Medcode"": ""40762""}]"
33,INUK.J631600,Hepatitis + adenovirus,Read codes v2,C3353,10243,Liver disease Read codes - Elixhauser,PH1085,2373,Liver disease - Elixhauser primary care,"[{""Medcode"": ""101535""}]"
34,INUK.7L1f.00,Compensation for liver failure,Read codes v2,C3353,10243,Liver disease Read codes - Elixhauser,PH1085,2373,Liver disease - Elixhauser primary care,"[{""Medcode"": ""88994""}]"
35,INUK.7609y00,Other specified open operation on oesophageal varices,Read codes v2,C3353,10243,Liver disease Read codes - Elixhauser,PH1085,2373,Liver disease - Elixhauser primary care,"[{""Medcode"": ""107975""}]"
36,INUK.141F.00,History of viral hepatitis,Read codes v2,C3353,10243,Liver disease Read codes - Elixhauser,PH1085,2373,Liver disease - Elixhauser primary care,"[{""Medcode"": ""100405""}]"
37,INUK.J615D00,Bacterial portal cirrhosis,Read codes v2,C3353,10243,Liver disease Read codes - Elixhauser,PH1085,2373,Liver disease - Elixhauser primary care,"[{""Medcode"": ""73482""}]"
38,INUK.141E.00,History of hepatitis B,Read codes v2,C3353,10243,Liver disease Read codes - Elixhauser,PH1085,2373,Liver disease - Elixhauser primary care,"[{""Medcode"": ""30729""}]"
39,INUK.A72x000,Mumps hepatitis,Read codes v2,C3353,10243,Liver disease Read codes - Elixhauser,PH1085,2373,Liver disease - Elixhauser primary care,"[{""Medcode"": ""70649""}]"
40,INUK.J635400,Toxic liver disease with chronic lobular hepatitis,Read codes v2,C3353,10243,Liver disease Read codes - Elixhauser,PH1085,2373,Liver disease - Elixhauser primary care,"[{""Medcode"": ""64750""}]"
41,INUK.J614y00,Chronic hepatitis unspecified,Read codes v2,C3353,10243,Liver disease Read codes - Elixhauser,PH1085,2373,Liver disease - Elixhauser primary care,"[{""Medcode"": ""53877""}]"
42,INUK.J633z00,Hepatitis unspecified NOS,Read codes v2,C3353,10243,Liver disease Read codes - Elixhauser,PH1085,2373,Liver disease - Elixhauser primary care,"[{""Medcode"": ""5219""}]"
43,INUK.J661700,Primary sclerosing cholangitis,Read codes v2,C3353,10243,Liver disease Read codes - Elixhauser,PH1085,2373,Liver disease - Elixhauser primary care,"[{""Medcode"": ""15425""}]"
44,INUK.67P4200,Discussion about liver transplantation,Read codes v2,C3353,10243,Liver disease Read codes - Elixhauser,PH1085,2373,Liver disease - Elixhauser primary care,"[{""Medcode"": ""106575""}]"
45,INUK.760C300,Fibreoptic endoscopic injection sclerotherapy oesoph varices,Read codes v2,C3353,10243,Liver disease Read codes - Elixhauser,PH1085,2373,Liver disease - Elixhauser primary care,"[{""Medcode"": ""11960""}]"
46,INUK.7800111,Auxillary liver transplant,Read codes v2,C3353,10243,Liver disease Read codes - Elixhauser,PH1085,2373,Liver disease - Elixhauser primary care,"[{""Medcode"": ""89445""}]"
47,INUK.43jW.00,Hepatitis E nucleic acid detection,Read codes v2,C3353,10243,Liver disease Read codes - Elixhauser,PH1085,2373,Liver disease - Elixhauser primary care,"[{""Medcode"": ""58641""}]"
48,INUK.7609400,Open injection sclerotherapy to oesophageal varices,Read codes v2,C3353,10243,Liver disease Read codes - Elixhauser,PH1085,2373,Liver disease - Elixhauser primary care,"[{""Medcode"": ""20912""}]"
49,INUK.J616000,Primary biliary cirrhosis,Read codes v2,C3353,10243,Liver disease Read codes - Elixhauser,PH1085,2373,Liver disease - Elixhauser primary care,"[{""Medcode"": ""5638""}]"
50,INUK.A70B.00,Hepatitis C genotype 2,Read codes v2,C3353,10243,Liver disease Read codes - Elixhauser,PH1085,2373,Liver disease - Elixhauser primary care,"[{""Medcode"": ""105664""}]"
51,INUK.A053.00,Amoebic liver abscess,Read codes v2,C3353,10243,Liver disease Read codes - Elixhauser,PH1085,2373,Liver disease - Elixhauser primary care,"[{""Medcode"": ""29021""}]"
52,INUK.A70D.00,Hepatitis C genotype 4,Read codes v2,C3353,10243,Liver disease Read codes - Elixhauser,PH1085,2373,Liver disease - Elixhauser primary care,"[{""Medcode"": ""104892""}]"
53,INUK.A707300,Chronic viral hepatitis B,Read codes v2,C3353,10243,Liver disease Read codes - Elixhauser,PH1085,2373,Liver disease - Elixhauser primary care,"[{""Medcode"": ""106642""}]"
54,INUK.G852z00,Oesophageal varices in diseases EC NOS,Read codes v2,C3353,10243,Liver disease Read codes - Elixhauser,PH1085,2373,Liver disease - Elixhauser primary care,"[{""Medcode"": ""62582""}]"
55,INUK.J620000,Liver abscess due to portal pyaemia,Read codes v2,C3353,10243,Liver disease Read codes - Elixhauser,PH1085,2373,Liver disease - Elixhauser primary care,"[{""Medcode"": ""68692""}]"
56,INUK.J635300,Toxic liver disease with chronic persistent hepatitis,Read codes v2,C3353,10243,Liver disease Read codes - Elixhauser,PH1085,2373,Liver disease - Elixhauser primary care,"[{""Medcode"": ""17219""}]"
57,INUK.ZC2CH11,Dietary advice for liver disease,Read codes v2,C3353,10243,Liver disease Read codes - Elixhauser,PH1085,2373,Liver disease - Elixhauser primary care,"[{""Medcode"": ""96638""}]"
58,INUK.TB00200,"Liver transplant with complication, without blame",Read codes v2,C3353,10243,Liver disease Read codes - Elixhauser,PH1085,2373,Liver disease - Elixhauser primary care,"[{""Medcode"": ""31997""}]"
59,INUK.J61yz00,Other non-alcoholic chronic liver disease NOS,Read codes v2,C3353,10243,Liver disease Read codes - Elixhauser,PH1085,2373,Liver disease - Elixhauser primary care,"[{""Medcode"": ""33597""}]"
60,INUK.J615300,Diffuse nodular cirrhosis,Read codes v2,C3353,10243,Liver disease Read codes - Elixhauser,PH1085,2373,Liver disease - Elixhauser primary care,"[{""Medcode"": ""3450""}]"
61,INUK.J615500,Hypertrophic portal cirrhosis,Read codes v2,C3353,10243,Liver disease Read codes - Elixhauser,PH1085,2373,Liver disease - Elixhauser primary care,"[{""Medcode"": ""92909""}]"
62,INUK.G858.00,Oesophageal varices NOS,Read codes v2,C3353,10243,Liver disease Read codes - Elixhauser,PH1085,2373,Liver disease - Elixhauser primary care,"[{""Medcode"": ""10797""}]"
63,INUK.J615z11,Macronodular cirrhosis of liver,Read codes v2,C3353,10243,Liver disease Read codes - Elixhauser,PH1085,2373,Liver disease - Elixhauser primary care,"[{""Medcode"": ""22841""}]"
64,INUK.J61y800,Nonalcoholic steatohepatitis,Read codes v2,C3353,10243,Liver disease Read codes - Elixhauser,PH1085,2373,Liver disease - Elixhauser primary care,"[{""Medcode"": ""98148""}]"
65,INUK.J614300,Recurrent hepatitis,Read codes v2,C3353,10243,Liver disease Read codes - Elixhauser,PH1085,2373,Liver disease - Elixhauser primary care,"[{""Medcode"": ""53480""}]"
66,INUK.A70C.00,Hepatitis C genotype 3,Read codes v2,C3353,10243,Liver disease Read codes - Elixhauser,PH1085,2373,Liver disease - Elixhauser primary care,"[{""Medcode"": ""104346""}]"
67,INUK.J614.00,Chronic hepatitis,Read codes v2,C3353,10243,Liver disease Read codes - Elixhauser,PH1085,2373,Liver disease - Elixhauser primary care,"[{""Medcode"": ""1754""}]"
68,INUK.J62..00,Liver abscess and sequelae of chronic liver disease,Read codes v2,C3353,10243,Liver disease Read codes - Elixhauser,PH1085,2373,Liver disease - Elixhauser primary care,"[{""Medcode"": ""31897""}]"
69,INUK.AyuB000,[X]Other specified acute viral hepatitis,Read codes v2,C3353,10243,Liver disease Read codes - Elixhauser,PH1085,2373,Liver disease - Elixhauser primary care,"[{""Medcode"": ""98805""}]"
70,INUK.J631400,Hepatitis in yellow fever,Read codes v2,C3353,10243,Liver disease Read codes - Elixhauser,PH1085,2373,Liver disease - Elixhauser primary care,"[{""Medcode"": ""98609""}]"
71,INUK.A705400,Hepatitis non A non B,Read codes v2,C3353,10243,Liver disease Read codes - Elixhauser,PH1085,2373,Liver disease - Elixhauser primary care,"[{""Medcode"": ""19418""}]"
72,INUK.J661800,Secondary sclerosing cholangitis,Read codes v2,C3353,10243,Liver disease Read codes - Elixhauser,PH1085,2373,Liver disease - Elixhauser primary care,"[{""Medcode"": ""35667""}]"
73,INUK.A707100,Chronic viral hepatitis B without delta-agent,Read codes v2,C3353,10243,Liver disease Read codes - Elixhauser,PH1085,2373,Liver disease - Elixhauser primary care,"[{""Medcode"": ""41096""}]"
74,INUK.Q409100,Congenital hepatitis B infection,Read codes v2,C3353,10243,Liver disease Read codes - Elixhauser,PH1085,2373,Liver disease - Elixhauser primary care,"[{""Medcode"": ""50245""}]"
75,INUK.J615z12,Cryptogenic cirrhosis of liver,Read codes v2,C3353,10243,Liver disease Read codes - Elixhauser,PH1085,2373,Liver disease - Elixhauser primary care,"[{""Medcode"": ""18739""}]"
76,INUK.J632200,Hepatitis in secondary syphilis,Read codes v2,C3353,10243,Liver disease Read codes - Elixhauser,PH1085,2373,Liver disease - Elixhauser primary care,"[{""Medcode"": ""63456""}]"
77,INUK.9kZ..11,Hepatitis B screening positive,Read codes v2,C3353,10243,Liver disease Read codes - Elixhauser,PH1085,2373,Liver disease - Elixhauser primary care,"[{""Medcode"": ""97735""}]"
78,INUK.A705.00,Other specified viral hepatitis without coma,Read codes v2,C3353,10243,Liver disease Read codes - Elixhauser,PH1085,2373,Liver disease - Elixhauser primary care,"[{""Medcode"": ""30926""}]"
79,INUK.J661900,Sclerosing cholangitis unspecified,Read codes v2,C3353,10243,Liver disease Read codes - Elixhauser,PH1085,2373,Liver disease - Elixhauser primary care,"[{""Medcode"": ""44791""}]"
80,INUK.A70z.00,Unspecified viral hepatitis,Read codes v2,C3353,10243,Liver disease Read codes - Elixhauser,PH1085,2373,Liver disease - Elixhauser primary care,"[{""Medcode"": ""20137""}]"
81,INUK.J620.00,Liver abscess - excluding amoebic liver abscess,Read codes v2,C3353,10243,Liver disease Read codes - Elixhauser,PH1085,2373,Liver disease - Elixhauser primary care,"[{""Medcode"": ""46023""}]"
82,INUK.A709.00,Viral hepatitis without hepatic coma,Read codes v2,C3353,10243,Liver disease Read codes - Elixhauser,PH1085,2373,Liver disease - Elixhauser primary care,"[{""Medcode"": ""106017""}]"
83,INUK.AyuJ900,[X]Sequelae of viral hepatitis,Read codes v2,C3353,10243,Liver disease Read codes - Elixhauser,PH1085,2373,Liver disease - Elixhauser primary care,"[{""Medcode"": ""101954""}]"
84,INUK.ZV02600,[V]Viral hepatitis carrier,Read codes v2,C3353,10243,Liver disease Read codes - Elixhauser,PH1085,2373,Liver disease - Elixhauser primary care,"[{""Medcode"": ""16766""}]"
85,INUK.J616z00,Biliary cirrhosis NOS,Read codes v2,C3353,10243,Liver disease Read codes - Elixhauser,PH1085,2373,Liver disease - Elixhauser primary care,"[{""Medcode"": ""58630""}]"
86,INUK.AyuB100,[X]Other chronic viral hepatitis,Read codes v2,C3353,10243,Liver disease Read codes - Elixhauser,PH1085,2373,Liver disease - Elixhauser primary care,"[{""Medcode"": ""108343""}]"
87,INUK.7Q05300,RSV treatment and Hepatitis C treatment drugs Band 1,Read codes v2,C3353,10243,Liver disease Read codes - Elixhauser,PH1085,2373,Liver disease - Elixhauser primary care,"[{""Medcode"": ""96192""}]"
88,INUK.9NgR.00,On hepatitis C treatment plan,Read codes v2,C3353,10243,Liver disease Read codes - Elixhauser,PH1085,2373,Liver disease - Elixhauser primary care,"[{""Medcode"": ""104572""}]"
89,INUK.J625.11,[X] Liver failure,Read codes v2,C3353,10243,Liver disease Read codes - Elixhauser,PH1085,2373,Liver disease - Elixhauser primary care,"[{""Medcode"": ""21769""}]"
90,INUK.43k0.00,Hepatitis B e antigen level,Read codes v2,C3353,10243,Liver disease Read codes - Elixhauser,PH1085,2373,Liver disease - Elixhauser primary care,"[{""Medcode"": ""14512""}]"
91,INUK.J615700,Cardiac portal cirrhosis,Read codes v2,C3353,10243,Liver disease Read codes - Elixhauser,PH1085,2373,Liver disease - Elixhauser primary care,"[{""Medcode"": ""27438""}]"
92,INUK.J622.00,Hepatic coma,Read codes v2,C3353,10243,Liver disease Read codes - Elixhauser,PH1085,2373,Liver disease - Elixhauser primary care,"[{""Medcode"": ""23511""}]"
93,INUK.C370800,Cystic fibrosis related cirrhosis,Read codes v2,C3353,10243,Liver disease Read codes - Elixhauser,PH1085,2373,Liver disease - Elixhauser primary care,"[{""Medcode"": ""102922""}]"
94,INUK.J620200,Liver abscess via hepatic artery,Read codes v2,C3353,10243,Liver disease Read codes - Elixhauser,PH1085,2373,Liver disease - Elixhauser primary care,"[{""Medcode"": ""103715""}]"
95,INUK.J614z00,Chronic hepatitis NOS,Read codes v2,C3353,10243,Liver disease Read codes - Elixhauser,PH1085,2373,Liver disease - Elixhauser primary care,"[{""Medcode"": ""15489""}]"
96,INUK.J614200,Chronic aggressive hepatitis,Read codes v2,C3353,10243,Liver disease Read codes - Elixhauser,PH1085,2373,Liver disease - Elixhauser primary care,"[{""Medcode"": ""1755""}]"
97,INUK.4JQF.00,Hepatitis C antigen positive,Read codes v2,C3353,10243,Liver disease Read codes - Elixhauser,PH1085,2373,Liver disease - Elixhauser primary care,"[{""Medcode"": ""104243""}]"
98,INUK.J632z00,Hepatitis in infectious diseases EC NOS,Read codes v2,C3353,10243,Liver disease Read codes - Elixhauser,PH1085,2373,Liver disease - Elixhauser primary care,"[{""Medcode"": ""42289""}]"
99,INUK.J612.12,Laennec's cirrhosis,Read codes v2,C3353,10243,Liver disease Read codes - Elixhauser,PH1085,2373,Liver disease - Elixhauser primary care,"[{""Medcode"": ""100474""}]"
100,INUK.BB5D411,[M]Hepatocellular adenoma,Read codes v2,C3353,10243,Liver disease Read codes - Elixhauser,PH1085,2373,Liver disease - Elixhauser primary care,"[{""Medcode"": ""52492""}]"
101,INUK.J620100,Liver abscess due to cholangitis,Read codes v2,C3353,10243,Liver disease Read codes - Elixhauser,PH1085,2373,Liver disease - Elixhauser primary care,"[{""Medcode"": ""25341""}]"
102,INUK.J614100,Chronic active hepatitis,Read codes v2,C3353,10243,Liver disease Read codes - Elixhauser,PH1085,2373,Liver disease - Elixhauser primary care,"[{""Medcode"": ""9029""}]"
103,INUK.43j5.00,Hepatitis C nucleic acid detection,Read codes v2,C3353,10243,Liver disease Read codes - Elixhauser,PH1085,2373,Liver disease - Elixhauser primary care,"[{""Medcode"": ""27191""}]"
104,INUK.G852300,Oesophageal varices in alcoholic cirrhosis of the liver,Read codes v2,C3353,10243,Liver disease Read codes - Elixhauser,PH1085,2373,Liver disease - Elixhauser primary care,"[{""Medcode"": ""8363""}]"
105,INUK.Jyu7100,[X]Other and unspecified cirrhosis of liver,Read codes v2,C3353,10243,Liver disease Read codes - Elixhauser,PH1085,2373,Liver disease - Elixhauser primary care,"[{""Medcode"": ""6015""}]"
106,INUK.Jyu7200,[X]Other specified inflammatory liver diseases,Read codes v2,C3353,10243,Liver disease Read codes - Elixhauser,PH1085,2373,Liver disease - Elixhauser primary care,"[{""Medcode"": ""107897""}]"
107,INUK.A98yy13,Gonococcal perihepatitis,Read codes v2,C3353,10243,Liver disease Read codes - Elixhauser,PH1085,2373,Liver disease - Elixhauser primary care,"[{""Medcode"": ""93945""}]"
108,INUK.9kV..11,Hepatitis C screening positive,Read codes v2,C3353,10243,Liver disease Read codes - Elixhauser,PH1085,2373,Liver disease - Elixhauser primary care,"[{""Medcode"": ""98903""}]"
109,INUK.760F400,Rigid oesophagoscopic banding of oesophageal varices,Read codes v2,C3353,10243,Liver disease Read codes - Elixhauser,PH1085,2373,Liver disease - Elixhauser primary care,"[{""Medcode"": ""46647""}]"
110,INUK.J615G00,Zooparasitic portal cirrhosis,Read codes v2,C3353,10243,Liver disease Read codes - Elixhauser,PH1085,2373,Liver disease - Elixhauser primary care,"[{""Medcode"": ""109540""}]"
111,INUK.14C5.00,H/O: liver disease,Read codes v2,C3353,10243,Liver disease Read codes - Elixhauser,PH1085,2373,Liver disease - Elixhauser primary care,"[{""Medcode"": ""8155""}]"
112,INUK.7805211,Exploration of liver transplant,Read codes v2,C3353,10243,Liver disease Read codes - Elixhauser,PH1085,2373,Liver disease - Elixhauser primary care,"[{""Medcode"": ""47861""}]"
113,INUK.A70z100,Acute viral hepatitis NOS,Read codes v2,C3353,10243,Liver disease Read codes - Elixhauser,PH1085,2373,Liver disease - Elixhauser primary care,"[{""Medcode"": ""104435""}]"
114,INUK.43jG.00,Hepatitis B nucleic acid detection,Read codes v2,C3353,10243,Liver disease Read codes - Elixhauser,PH1085,2373,Liver disease - Elixhauser primary care,"[{""Medcode"": ""33316""}]"
115,INUK.760C500,Fibreoptic endoscopic banding of oesophageal varices,Read codes v2,C3353,10243,Liver disease Read codes - Elixhauser,PH1085,2373,Liver disease - Elixhauser primary care,"[{""Medcode"": ""16759""}]"
116,INUK.J617.00,Alcoholic hepatitis,Read codes v2,C3353,10243,Liver disease Read codes - Elixhauser,PH1085,2373,Liver disease - Elixhauser primary care,"[{""Medcode"": ""7943""}]"
117,INUK.A916100,Secondary syphilitic hepatitis,Read codes v2,C3353,10243,Liver disease Read codes - Elixhauser,PH1085,2373,Liver disease - Elixhauser primary care,"[{""Medcode"": ""70966""}]"
118,INUK.PB62.00,Congenital cystic liver disease,Read codes v2,C3353,10243,Liver disease Read codes - Elixhauser,PH1085,2373,Liver disease - Elixhauser primary care,"[{""Medcode"": ""27565""}]"
119,INUK.43jJ.00,Hepatitis D nucleic acid detection,Read codes v2,C3353,10243,Liver disease Read codes - Elixhauser,PH1085,2373,Liver disease - Elixhauser primary care,"[{""Medcode"": ""69878""}]"
120,INUK.SP14211,Liver failure as a complication of care,Read codes v2,C3353,10243,Liver disease Read codes - Elixhauser,PH1085,2373,Liver disease - Elixhauser primary care,"[{""Medcode"": ""17222""}]"
121,INUK.J616100,Secondary biliary cirrhosis,Read codes v2,C3353,10243,Liver disease Read codes - Elixhauser,PH1085,2373,Liver disease - Elixhauser primary care,"[{""Medcode"": ""15424""}]"
122,INUK.A701.11,Infective hepatitis,Read codes v2,C3353,10243,Liver disease Read codes - Elixhauser,PH1085,2373,Liver disease - Elixhauser primary care,"[{""Medcode"": ""1440""}]"
123,INUK.AyuB.00,[X]Viral hepatitis,Read codes v2,C3353,10243,Liver disease Read codes - Elixhauser,PH1085,2373,Liver disease - Elixhauser primary care,"[{""Medcode"": ""68967""}]"
124,INUK.J601100,Subacute hepatitis - noninfective,Read codes v2,C3353,10243,Liver disease Read codes - Elixhauser,PH1085,2373,Liver disease - Elixhauser primary care,"[{""Medcode"": ""22168""}]"
125,INUK.ZV02B00,[V]Hepatitis B carrier,Read codes v2,C3353,10243,Liver disease Read codes - Elixhauser,PH1085,2373,Liver disease - Elixhauser primary care,"[{""Medcode"": ""11431""}]"
126,INUK.43M2.00,Hepatitis A test positive,Read codes v2,C3353,10243,Liver disease Read codes - Elixhauser,PH1085,2373,Liver disease - Elixhauser primary care,"[{""Medcode"": ""27250""}]"
127,INUK.65Q7.00,Viral hepatitis carrier,Read codes v2,C3353,10243,Liver disease Read codes - Elixhauser,PH1085,2373,Liver disease - Elixhauser primary care,"[{""Medcode"": ""6800""}]"
128,INUK.C376100,Alpha-1-antitrypsin hepatitis,Read codes v2,C3353,10243,Liver disease Read codes - Elixhauser,PH1085,2373,Liver disease - Elixhauser primary care,"[{""Medcode"": ""25589""}]"
129,INUK.A70z000,Hepatitis C,Read codes v2,C3353,10243,Liver disease Read codes - Elixhauser,PH1085,2373,Liver disease - Elixhauser primary care,"[{""Medcode"": ""2413""}]"
130,INUK.J615C00,Xanthomatous portal cirrhosis,Read codes v2,C3353,10243,Liver disease Read codes - Elixhauser,PH1085,2373,Liver disease - Elixhauser primary care,"[{""Medcode"": ""100253""}]"
131,INUK.PB62000,Congenital polycystic liver disease,Read codes v2,C3353,10243,Liver disease Read codes - Elixhauser,PH1085,2373,Liver disease - Elixhauser primary care,"[{""Medcode"": ""18195""}]"
132,INUK.A785200,Cytomegaloviral hepatitis,Read codes v2,C3353,10243,Liver disease Read codes - Elixhauser,PH1085,2373,Liver disease - Elixhauser primary care,"[{""Medcode"": ""34087""}]"
133,INUK.J631000,Hepatitis in coxsackie virus,Read codes v2,C3353,10243,Liver disease Read codes - Elixhauser,PH1085,2373,Liver disease - Elixhauser primary care,"[{""Medcode"": ""71785""}]"
134,INUK.Q409z00,Congenital viral hepatitis NOS,Read codes v2,C3353,10243,Liver disease Read codes - Elixhauser,PH1085,2373,Liver disease - Elixhauser primary care,"[{""Medcode"": ""107622""}]"
135,INUK.A70G.00,Acute hepatitis C,Read codes v2,C3353,10243,Liver disease Read codes - Elixhauser,PH1085,2373,Liver disease - Elixhauser primary care,"[{""Medcode"": ""104579""}]"
136,INUK.J624.00,Hepatorenal syndrome,Read codes v2,C3353,10243,Liver disease Read codes - Elixhauser,PH1085,2373,Liver disease - Elixhauser primary care,"[{""Medcode"": ""10636""}]"
137,INUK.A704z00,Other specified viral hepatitis with hepatic coma NOS,Read codes v2,C3353,10243,Liver disease Read codes - Elixhauser,PH1085,2373,Liver disease - Elixhauser primary care,"[{""Medcode"": ""89587""}]"
138,INUK.Q409.00,Congenital viral hepatitis,Read codes v2,C3353,10243,Liver disease Read codes - Elixhauser,PH1085,2373,Liver disease - Elixhauser primary care,"[{""Medcode"": ""67779""}]"
139,INUK.A707X00,"Chronic viral hepatitis, unspecified",Read codes v2,C3353,10243,Liver disease Read codes - Elixhauser,PH1085,2373,Liver disease - Elixhauser primary care,"[{""Medcode"": ""32277""}]"
140,INUK.J63y100,Nonspecific reactive hepatitis,Read codes v2,C3353,10243,Liver disease Read codes - Elixhauser,PH1085,2373,Liver disease - Elixhauser primary care,"[{""Medcode"": ""28798""}]"
141,INUK.G85..11,Oesophageal varices,Read codes v2,C3353,10243,Liver disease Read codes - Elixhauser,PH1085,2373,Liver disease - Elixhauser primary care,"[{""Medcode"": ""1641""}]"
142,INUK.J600100,Acute hepatitis - noninfective,Read codes v2,C3353,10243,Liver disease Read codes - Elixhauser,PH1085,2373,Liver disease - Elixhauser primary care,"[{""Medcode"": ""15855""}]"
143,INUK.J61..00,Cirrhosis and chronic liver disease,Read codes v2,C3353,10243,Liver disease Read codes - Elixhauser,PH1085,2373,Liver disease - Elixhauser primary care,"[{""Medcode"": ""6863""}]"
144,INUK.J635100,Toxic liver disease with hepatic necrosis,Read codes v2,C3353,10243,Liver disease Read codes - Elixhauser,PH1085,2373,Liver disease - Elixhauser primary care,"[{""Medcode"": ""36107""}]"
145,INUK.65V3.11,Hepatitis notification,Read codes v2,C3353,10243,Liver disease Read codes - Elixhauser,PH1085,2373,Liver disease - Elixhauser primary care,"[{""Medcode"": ""11271""}]"
146,INUK.J61z.00,Chronic liver disease NOS,Read codes v2,C3353,10243,Liver disease Read codes - Elixhauser,PH1085,2373,Liver disease - Elixhauser primary care,"[{""Medcode"": ""10539""}]"
147,INUK.J615z00,Non-alcoholic cirrhosis NOS,Read codes v2,C3353,10243,Liver disease Read codes - Elixhauser,PH1085,2373,Liver disease - Elixhauser primary care,"[{""Medcode"": ""16455""}]"
148,INUK.J615z13,Cirrhosis of liver NOS,Read codes v2,C3353,10243,Liver disease Read codes - Elixhauser,PH1085,2373,Liver disease - Elixhauser primary care,"[{""Medcode"": ""1638""}]"
149,INUK.Jyu7600,"[X]Toxic liver disease, unspecified",Read codes v2,C3353,10243,Liver disease Read codes - Elixhauser,PH1085,2373,Liver disease - Elixhauser primary care,"[{""Medcode"": ""106025""}]"
150,INUK.G852.00,Oesophageal varices in diseases EC,Read codes v2,C3353,10243,Liver disease Read codes - Elixhauser,PH1085,2373,Liver disease - Elixhauser primary care,"[{""Medcode"": ""44424""}]"
151,INUK.2J23.00,Hepatitis A - current infection,Read codes v2,C3353,10243,Liver disease Read codes - Elixhauser,PH1085,2373,Liver disease - Elixhauser primary care,"[{""Medcode"": ""33645""}]"
152,INUK.A707200,Chronic viral hepatitis C,Read codes v2,C3353,10243,Liver disease Read codes - Elixhauser,PH1085,2373,Liver disease - Elixhauser primary care,"[{""Medcode"": ""30586""}]"
153,INUK.A705z00,Other specified viral hepatitis without mention of coma NOS,Read codes v2,C3353,10243,Liver disease Read codes - Elixhauser,PH1085,2373,Liver disease - Elixhauser primary care,"[{""Medcode"": ""65335""}]"
154,INUK.J635X00,"Toxic liver disease, unspecified",Read codes v2,C3353,10243,Liver disease Read codes - Elixhauser,PH1085,2373,Liver disease - Elixhauser primary care,"[{""Medcode"": ""41673""}]"
155,INUK.AyuB200,"[X]Chronic viral hepatitis, unspecified",Read codes v2,C3353,10243,Liver disease Read codes - Elixhauser,PH1085,2373,Liver disease - Elixhauser primary care,"[{""Medcode"": ""107896""}]"
156,INUK.AD05.00,Toxoplasma hepatitis,Read codes v2,C3353,10243,Liver disease Read codes - Elixhauser,PH1085,2373,Liver disease - Elixhauser primary care,"[{""Medcode"": ""66185""}]"
157,INUK.A700.00,Viral hepatitis A with coma,Read codes v2,C3353,10243,Liver disease Read codes - Elixhauser,PH1085,2373,Liver disease - Elixhauser primary care,"[{""Medcode"": ""55962""}]"
158,INUK.7609z00,Open operation on oesophageal varices NOS,Read codes v2,C3353,10243,Liver disease Read codes - Elixhauser,PH1085,2373,Liver disease - Elixhauser primary care,"[{""Medcode"": ""20233""}]"
159,INUK.7800200,Replacement of previous liver transplant,Read codes v2,C3353,10243,Liver disease Read codes - Elixhauser,PH1085,2373,Liver disease - Elixhauser primary care,"[{""Medcode"": ""69194""}]"
160,INUK.J635600,Toxic liver disease with fibrosis and cirrhosis of liver,Read codes v2,C3353,10243,Liver disease Read codes - Elixhauser,PH1085,2373,Liver disease - Elixhauser primary care,"[{""Medcode"": ""44120""}]"
161,INUK.J615711,Congestive cirrhosis,Read codes v2,C3353,10243,Liver disease Read codes - Elixhauser,PH1085,2373,Liver disease - Elixhauser primary care,"[{""Medcode"": ""108819""}]"
162,INUK.J633.00,Hepatitis unspecified,Read codes v2,C3353,10243,Liver disease Read codes - Elixhauser,PH1085,2373,Liver disease - Elixhauser primary care,"[{""Medcode"": ""899""}]"
163,INUK.PB62100,Fibrocystic liver disease,Read codes v2,C3353,10243,Liver disease Read codes - Elixhauser,PH1085,2373,Liver disease - Elixhauser primary care,"[{""Medcode"": ""28350""}]"
164,INUK.SP14300,Hepatorenal syndrome as a complication of care,Read codes v2,C3353,10243,Liver disease Read codes - Elixhauser,PH1085,2373,Liver disease - Elixhauser primary care,"[{""Medcode"": ""10721""}]"
165,INUK.14i..00,H/O hepatitis C antiviral drug therapy,Read codes v2,C3353,10243,Liver disease Read codes - Elixhauser,PH1085,2373,Liver disease - Elixhauser primary care,"[{""Medcode"": ""104277""}]"
166,INUK.4JQD.00,Hepatitis C viral ribonucleic acid PCR positive,Read codes v2,C3353,10243,Liver disease Read codes - Elixhauser,PH1085,2373,Liver disease - Elixhauser primary care,"[{""Medcode"": ""102568""}]"
167,INUK.J615H00,Infectious cirrhosis NOS,Read codes v2,C3353,10243,Liver disease Read codes - Elixhauser,PH1085,2373,Liver disease - Elixhauser primary care,"[{""Medcode"": ""48928""}]"
168,INUK.A703.00,Viral (serum) hepatitis B,Read codes v2,C3353,10243,Liver disease Read codes - Elixhauser,PH1085,2373,Liver disease - Elixhauser primary care,"[{""Medcode"": ""2860""}]"
169,INUK.8LH..00,Liver transplant planned,Read codes v2,C3353,10243,Liver disease Read codes - Elixhauser,PH1085,2373,Liver disease - Elixhauser primary care,"[{""Medcode"": ""105758""}]"
170,INUK.G852000,Oesophageal varices with bleeding in diseases EC,Read codes v2,C3353,10243,Liver disease Read codes - Elixhauser,PH1085,2373,Liver disease - Elixhauser primary care,"[{""Medcode"": ""96756""}]"
171,INUK.C350012,Pigmentary cirrhosis of liver,Read codes v2,C3353,10243,Liver disease Read codes - Elixhauser,PH1085,2373,Liver disease - Elixhauser primary care,"[{""Medcode"": ""8206""}]"
172,INUK.J616.00,Biliary cirrhosis,Read codes v2,C3353,10243,Liver disease Read codes - Elixhauser,PH1085,2373,Liver disease - Elixhauser primary care,"[{""Medcode"": ""9494""}]"
173,INUK.J614000,Chronic persistent hepatitis,Read codes v2,C3353,10243,Liver disease Read codes - Elixhauser,PH1085,2373,Liver disease - Elixhauser primary care,"[{""Medcode"": ""23578""}]"
174,INUK.J631200,Hepatitis in infectious mononucleosis,Read codes v2,C3353,10243,Liver disease Read codes - Elixhauser,PH1085,2373,Liver disease - Elixhauser primary care,"[{""Medcode"": ""7947""}]"
175,INUK.PB62z00,Congenital cystic liver disease NOS,Read codes v2,C3353,10243,Liver disease Read codes - Elixhauser,PH1085,2373,Liver disease - Elixhauser primary care,"[{""Medcode"": ""72000""}]"
176,INUK.J62y.12,Liver failure NOS,Read codes v2,C3353,10243,Liver disease Read codes - Elixhauser,PH1085,2373,Liver disease - Elixhauser primary care,"[{""Medcode"": ""23775""}]"
177,INUK.G851.00,Oesophageal varices without bleeding,Read codes v2,C3353,10243,Liver disease Read codes - Elixhauser,PH1085,2373,Liver disease - Elixhauser primary care,"[{""Medcode"": ""30655""}]"
178,INUK.A98yy11,Gonococcal hepatitis,Read codes v2,C3353,10243,Liver disease Read codes - Elixhauser,PH1085,2373,Liver disease - Elixhauser primary care,"[{""Medcode"": ""71114""}]"
179,INUK.7Q05200,Hepatitis B treatment drugs Band 1,Read codes v2,C3353,10243,Liver disease Read codes - Elixhauser,PH1085,2373,Liver disease - Elixhauser primary care,"[{""Medcode"": ""100834""}]"
180,INUK.J635.00,Toxic liver disease,Read codes v2,C3353,10243,Liver disease Read codes - Elixhauser,PH1085,2373,Liver disease - Elixhauser primary care,"[{""Medcode"": ""36727""}]"
181,INUK.J635200,Toxic liver disease with acute hepatitis,Read codes v2,C3353,10243,Liver disease Read codes - Elixhauser,PH1085,2373,Liver disease - Elixhauser primary care,"[{""Medcode"": ""41104""}]"
182,INUK.43B5.00,Hepatitis e antigen present,Read codes v2,C3353,10243,Liver disease Read codes - Elixhauser,PH1085,2373,Liver disease - Elixhauser primary care,"[{""Medcode"": ""27174""}]"
183,INUK.J616200,Biliary cirrhosis of children,Read codes v2,C3353,10243,Liver disease Read codes - Elixhauser,PH1085,2373,Liver disease - Elixhauser primary care,"[{""Medcode"": ""91591""}]"
184,INUK.A705000,Viral hepatitis C without mention of hepatic coma,Read codes v2,C3353,10243,Liver disease Read codes - Elixhauser,PH1085,2373,Liver disease - Elixhauser primary care,"[{""Medcode"": ""2834""}]"
185,INUK.A70A.00,Hepatitis C genotype 1,Read codes v2,C3353,10243,Liver disease Read codes - Elixhauser,PH1085,2373,Liver disease - Elixhauser primary care,"[{""Medcode"": ""104341""}]"
186,INUK.A701.00,Viral (infectious) hepatitis A,Read codes v2,C3353,10243,Liver disease Read codes - Elixhauser,PH1085,2373,Liver disease - Elixhauser primary care,"[{""Medcode"": ""3142""}]"
187,INUK.2J2..00,Hepatitis A status,Read codes v2,C3353,10243,Liver disease Read codes - Elixhauser,PH1085,2373,Liver disease - Elixhauser primary care,"[{""Medcode"": ""11784""}]"
188,INUK.9kV..00,Hepatitis C screening positive - enhanced services admin,Read codes v2,C3353,10243,Liver disease Read codes - Elixhauser,PH1085,2373,Liver disease - Elixhauser primary care,"[{""Medcode"": ""96085""}]"
189,INUK.J615y00,Portal cirrhosis unspecified,Read codes v2,C3353,10243,Liver disease Read codes - Elixhauser,PH1085,2373,Liver disease - Elixhauser primary care,"[{""Medcode"": ""55454""}]"
190,INUK.J63B.00,Autoimmune hepatitis,Read codes v2,C3353,10243,Liver disease Read codes - Elixhauser,PH1085,2373,Liver disease - Elixhauser primary care,"[{""Medcode"": ""18652""}]"
191,INUK.J615100,Multilobular portal cirrhosis,Read codes v2,C3353,10243,Liver disease Read codes - Elixhauser,PH1085,2373,Liver disease - Elixhauser primary care,"[{""Medcode"": ""69204""}]"
192,INUK.9kX..00,Hepatitis status 6 months post treatment - enhanced serv adm,Read codes v2,C3353,10243,Liver disease Read codes - Elixhauser,PH1085,2373,Liver disease - Elixhauser primary care,"[{""Medcode"": ""103362""}]"
193,INUK.A707000,Chronic viral hepatitis B with delta-agent,Read codes v2,C3353,10243,Liver disease Read codes - Elixhauser,PH1085,2373,Liver disease - Elixhauser primary care,"[{""Medcode"": ""24813""}]"
194,INUK.J615.00,Cirrhosis - non alcoholic,Read codes v2,C3353,10243,Liver disease Read codes - Elixhauser,PH1085,2373,Liver disease - Elixhauser primary care,"[{""Medcode"": ""16725""}]"
195,INUK.J615800,Juvenile portal cirrhosis,Read codes v2,C3353,10243,Liver disease Read codes - Elixhauser,PH1085,2373,Liver disease - Elixhauser primary care,"[{""Medcode"": ""96664""}]"
196,INUK.J614400,Chronic lobular hepatitis,Read codes v2,C3353,10243,Liver disease Read codes - Elixhauser,PH1085,2373,Liver disease - Elixhauser primary care,"[{""Medcode"": ""66534""}]"
197,INUK.J635500,Toxic liver disease with chronic active hepatitis,Read codes v2,C3353,10243,Liver disease Read codes - Elixhauser,PH1085,2373,Liver disease - Elixhauser primary care,"[{""Medcode"": ""39351""}]"
198,INUK.J615400,Fatty portal cirrhosis,Read codes v2,C3353,10243,Liver disease Read codes - Elixhauser,PH1085,2373,Liver disease - Elixhauser primary care,"[{""Medcode"": ""44676""}]"
199,INUK.J620z00,Liver abscess NOS,Read codes v2,C3353,10243,Liver disease Read codes - Elixhauser,PH1085,2373,Liver disease - Elixhauser primary care,"[{""Medcode"": ""4454""}]"
200,INUK.J62z.00,Liver abscess and chronic liver disease causing sequelae NOS,Read codes v2,C3353,10243,Liver disease Read codes - Elixhauser,PH1085,2373,Liver disease - Elixhauser primary care,"[{""Medcode"": ""108800""}]"
201,INUK.9kR..00,Chronic hepatitis annual review - enhanced services admin,Read codes v2,C3353,10243,Liver disease Read codes - Elixhauser,PH1085,2373,Liver disease - Elixhauser primary care,"[{""Medcode"": ""99898""}]"
202,INUK.Q434100,Giant cell hepatitis causing neonatal jaundice,Read codes v2,C3353,10243,Liver disease Read codes - Elixhauser,PH1085,2373,Liver disease - Elixhauser primary care,"[{""Medcode"": ""104225""}]"
203,INUK.J632000,Hepatitis in malaria,Read codes v2,C3353,10243,Liver disease Read codes - Elixhauser,PH1085,2373,Liver disease - Elixhauser primary care,"[{""Medcode"": ""1467""}]"
204,INUK.7800112,Piggy back liver transplant,Read codes v2,C3353,10243,Liver disease Read codes - Elixhauser,PH1085,2373,Liver disease - Elixhauser primary care,"[{""Medcode"": ""100073""}]"
205,INUK.Jyu7700,"[X]Granulomatous hepatitis, not elsewhere classified",Read codes v2,C3353,10243,Liver disease Read codes - Elixhauser,PH1085,2373,Liver disease - Elixhauser primary care,"[{""Medcode"": ""53861""}]"
206,INUK.43B4.00,Hepatitis B surface antig +ve,Read codes v2,C3353,10243,Liver disease Read codes - Elixhauser,PH1085,2373,Liver disease - Elixhauser primary care,"[{""Medcode"": ""27175""}]"
207,INUK.J61y.00,Other non-alcoholic chronic liver disease,Read codes v2,C3353,10243,Liver disease Read codes - Elixhauser,PH1085,2373,Liver disease - Elixhauser primary care,"[{""Medcode"": ""42843""}]"
208,INUK.J614111,Autoimmune chronic active hepatitis,Read codes v2,C3353,10243,Liver disease Read codes - Elixhauser,PH1085,2373,Liver disease - Elixhauser primary care,"[{""Medcode"": ""7957""}]"
209,INUK.A704.00,Other specified viral hepatitis with coma,Read codes v2,C3353,10243,Liver disease Read codes - Elixhauser,PH1085,2373,Liver disease - Elixhauser primary care,"[{""Medcode"": ""69552""}]"
210,INUK.Q434000,"Perinatal hepatitis causing jaundice, unspecified",Read codes v2,C3353,10243,Liver disease Read codes - Elixhauser,PH1085,2373,Liver disease - Elixhauser primary care,"[{""Medcode"": ""35625""}]"
211,INUK.J615.11,Portal cirrhosis,Read codes v2,C3353,10243,Liver disease Read codes - Elixhauser,PH1085,2373,Liver disease - Elixhauser primary care,"[{""Medcode"": ""47257""}]"
212,INUK.L176500,"Viral hepatitis comp pregnancy, childbirth & the puerperium",Read codes v2,C3353,10243,Liver disease Read codes - Elixhauser,PH1085,2373,Liver disease - Elixhauser primary care,"[{""Medcode"": ""59573""}]"
213,INUK.7609300,Local ligation of oesophageal varices,Read codes v2,C3353,10243,Liver disease Read codes - Elixhauser,PH1085,2373,Liver disease - Elixhauser primary care,"[{""Medcode"": ""43404""}]"
214,INUK.J615600,Capsular portal cirrhosis,Read codes v2,C3353,10243,Liver disease Read codes - Elixhauser,PH1085,2373,Liver disease - Elixhauser primary care,"[{""Medcode"": ""40567""}]"
215,INUK.J632300,Hepatitis in toxoplasmosis,Read codes v2,C3353,10243,Liver disease Read codes - Elixhauser,PH1085,2373,Liver disease - Elixhauser primary care,"[{""Medcode"": ""104686""}]"
216,INUK.7L1fz00,Compensation for liver failure NOS,Read codes v2,C3353,10243,Liver disease Read codes - Elixhauser,PH1085,2373,Liver disease - Elixhauser primary care,"[{""Medcode"": ""97650""}]"
217,INUK.J631100,Hepatitis in cytomegalic inclusion virus,Read codes v2,C3353,10243,Liver disease Read codes - Elixhauser,PH1085,2373,Liver disease - Elixhauser primary care,"[{""Medcode"": ""4406""}]"
218,INUK.A70..00,Viral hepatitis,Read codes v2,C3353,10243,Liver disease Read codes - Elixhauser,PH1085,2373,Liver disease - Elixhauser primary care,"[{""Medcode"": ""3146""}]"
219,INUK.G850.00,Oesophageal varices with bleeding,Read codes v2,C3353,10243,Liver disease Read codes - Elixhauser,PH1085,2373,Liver disease - Elixhauser primary care,"[{""Medcode"": ""24989""}]"
220,INUK.43w7.00,Hepatitis A nucleic acid detection,Read codes v2,C3353,10243,Liver disease Read codes - Elixhauser,PH1085,2373,Liver disease - Elixhauser primary care,"[{""Medcode"": ""106284""}]"
221,INUK.J623.00,Portal hypertension,Read codes v2,C3353,10243,Liver disease Read codes - Elixhauser,PH1085,2373,Liver disease - Elixhauser primary care,"[{""Medcode"": ""5129""}]"
222,INUK.G852200,Oesophageal varices in cirrhosis of the liver,Read codes v2,C3353,10243,Liver disease Read codes - Elixhauser,PH1085,2373,Liver disease - Elixhauser primary care,"[{""Medcode"": ""26319""}]"
223,INUK.J635000,Toxic liver disease with cholestasis,Read codes v2,C3353,10243,Liver disease Read codes - Elixhauser,PH1085,2373,Liver disease - Elixhauser primary care,"[{""Medcode"": ""22766""}]"
